<?xml version="1.0" encoding="UTF-8"?>
<project-private xmlns="http://www.netbeans.org/ns/project-private/1">
    <editor-bookmarks xmlns="http://www.netbeans.org/ns/editor-bookmarks/2" lastBookmarkId="0"/>
    <open-files xmlns="http://www.netbeans.org/ns/projectui-open-files/2">
        <group>
            <file>file:/C:/Users/Hamza%20Atif/Documents/JavaApplication41/src/javaapplication41/EditNurse.java</file>
            <file>file:/C:/Users/Hamza%20Atif/Documents/JavaApplication41/src/javaapplication41/EditDoctorDetail.java</file>
            <file>file:/C:/Users/Hamza%20Atif/Documents/JavaApplication41/src/javaapplication41/AddNurse.java</file>
            <file>file:/C:/Users/Hamza%20Atif/Documents/JavaApplication41/src/javaapplication41/editPatientDetail.java</file>
            <file>file:/C:/Users/Hamza%20Atif/Documents/JavaApplication41/src/javaapplication41/EditNurseDetail.java</file>
            <file>file:/C:/Users/Hamza%20Atif/Documents/JavaApplication41/src/javaapplication41/AddDoctor.java</file>
            <file>file:/C:/Users/Hamza%20Atif/Documents/JavaApplication41/src/javaapplication41/login.java</file>
            <file>file:/C:/Users/Hamza%20Atif/Documents/JavaApplication41/src/javaapplication41/DeleteDoctor.java</file>
            <file>file:/C:/Users/Hamza%20Atif/Documents/JavaApplication41/src/javaapplication41/DeleteNurse.java</file>
            <file>file:/C:/Users/Hamza%20Atif/Documents/JavaApplication41/src/javaapplication41/DeletePatient.java</file>
        </group>
    </open-files>
</project-private>
